day,group1,group2,meandiff,p-adj,lower,upper,reject
1,DN,SN,-0.0663,0.0,-0.0868,-0.0457,True
1,DN,TiO2,0.008,0.6642,-0.0126,0.0286,False
1,DN,control,0.0355,0.0012,0.0149,0.0561,True
1,SN,TiO2,0.0742,0.0,0.0537,0.0948,True
1,SN,control,0.1017,0.0,0.0812,0.1223,True
1,TiO2,control,0.0275,0.0087,0.0069,0.0481,True
3,DN,SN,-0.097,0.0,-0.1224,-0.0716,True
3,DN,TiO2,0.0227,0.0849,-0.0027,0.0482,False
3,DN,control,0.0363,0.0055,0.0108,0.0617,True
3,SN,TiO2,0.1198,0.0,0.0943,0.1452,True
3,SN,control,0.1333,0.0,0.1078,0.1587,True
3,TiO2,control,0.0135,0.426,-0.0119,0.0389,False
