day,group,replicate,absorbance
1,control,1,0.345
1,control,2,0.341
1,control,3,0.352
1,control,4,0.349
1,DN,1,0.306
1,DN,2,0.304
1,DN,3,0.315
1,DN,4,0.32
1,SN,1,0.245
1,SN,2,0.236
1,SN,3,0.238
1,SN,4,0.261
1,TiO2,1,0.329
1,TiO2,2,0.329
1,TiO2,3,0.318
1,TiO2,4,0.301
3,control,1,0.515
3,control,2,0.501
3,control,3,0.512
3,control,4,0.519
3,DN,1,0.47
3,DN,2,0.465
3,DN,3,0.489
3,DN,4,0.478
3,SN,1,0.367
3,SN,2,0.394
3,SN,3,0.389
3,SN,4,0.364
3,TiO2,1,0.504
3,TiO2,2,0.512
3,TiO2,3,0.48
3,TiO2,4,0.497
